<?xml version="1.0" encoding="UTF-8"?>
<!DOCTYPE mapper PUBLIC "-//mybatis.org//DTD Mapper 3.0//EN" "http://mybatis.org/dtd/mybatis-3-mapper.dtd">
<!-- 순수 sql문만 작성 xml 하나가 아닐 수도 있다: 여러개 만들어도 무관(테이블 마다 1개의 mapper) -->

<mapper namespace="com.smhrd.board.database.BoardMapper">
	<!-- sql문장 작성: 태그로 작성 id값: 연결해줄 고유 아이디 parmeterType: 입력받을 타입 작성(사용자 정의 타입인 
		경우 경로부터 작성) sql문 내 매개변수 채워 줄때 ?가 아니라: #{변수명} Member에 있는 변수명과 일치해야함 -->
	<!-- 파라미터 타입에 패키지 주소가 간소화된 이유: config에 있음 -->
	<!-- 첫 변수 null: mysql에 1씩 증가하는 값(ai) -->
	
	<update id="boardUpdate" parameterType="com.smhrd.board.model.BoardDTO">
		update web_member
		set title=#{title} ,writer=#{writer}, content=#{content}, photo=#{photo}
		where num=#{num}
	</update>

	<select id="boardSelectAll" resultType="com.smhrd.board.model.BoardDTO">
		select * from board
	</select>



	<select id="boardView" parameterType="int" resultType="com.smhrd.board.model.BoardDTO">
		select *
		from board where num=#{num}
	</select>
	<!-- select는 결과값을 받아야 하기 때문에 resultType을 정해줘야함 resultType: 결과값의 타입 작성 -->
	<!-- <select id="login" parameterType="com.smhrd.model.Board" resultType="com.smhrd.model.Board"> 
		select * from web_member where email=#{email} and pw=#{pw} </select> resultType: 
		조회된 정보를 반환할 타입 지정 <select id="selectMember" parameterType="com.smhrd.model.Board" 
		resultType="com.smhrd.model.Board"> select * from web_member where email=#{email} 
		and pw=#{pw} </select> <update id="updateMember" parameterType="com.smhrd.model.Board"> 
		update web_member set pw=#{pw} ,tel=#{tel}, address=#{address} where email 
		=#{email} </update> <select id="selectAllMember" resultType="com.smhrd.model.Board"> 
		select * from web_member </select> <delete id="deletMember" parameterType="String"> 
		delete from web_member where email=#{email} </delete> -->






















</mapper>