<?xml version="1.0" encoding="UTF-8" ?>
<!DOCTYPE configuration
  PUBLIC "-//mybatis.org//DTD Config 3.0//EN"
  "https://mybatis.org/dtd/mybatis-3-config.dtd">
<configuration>
<!-- DB연결해주는 파일명 작성: 경로까지 모두 작성
	 패키지명부터(파일 경로처럼 / 포함)
 -->
<properties resource="com/smhrd/board/database/db.properties"></properties>
<!-- 맵퍼에 있는 파라미터 타입 패키지 주소 축약 -->
<typeAliases>
	<typeAlias type="com.smhrd.board.model.MemberDTO" alias="BoardDTO"/>
</typeAliases>
  <environments default="development">
    <environment id="development">
      <transactionManager type="JDBC"/>
      <dataSource type="POOLED">
        <property name="driver" value="${driver}"/>
        <property name="url" value="${url}"/>
        <property name="username" value="${username}"/>
        <property name="password" value="${password}"/>
      </dataSource>
    </environment>
  </environments>
  <mappers>
  <!-- 내가 사용할 mapper 작성: mapper가 늘어날 경우 여러개 사용해도됨
  mapper의 경로 작성 -->
    <mapper resource="com/smhrd/board/database/BoardMapper.xml"/>
  </mappers>
</configuration>