<?xml version="1.0" encoding="UTF-8" ?>
<!DOCTYPE configuration
  PUBLIC "-//mybatis.org//DTD Config 3.0//EN"
  "http://mybatis.org/dtd/mybatis-3-config.dtd">
<configuration>
  <environments default="development">
    <environment id="development">
      <transactionManager type="JDBC"/>
      <dataSource type="POOLED">
        <property name="driver" value="com.mysql.cj.jdbc.Driver"/>
        <property name="url" value="jdbc:mysql://project-db-cgi.smhrd.com/mydatabase"/>
        <property name="username" value="campus_24SW_BD_p2_2"/>
        <property name="password" value="smhrd2"/>
      </dataSource>
    </environment>
  </environments>
  <mappers>
    <mapper resource="mybatis/mapper/YourMapper.xml"/>
  </mappers>
</configuration>
